{"cameraMode":{"drawMode":0,"name":"Shaded","section":"Shading Mode"},"sceneLighting":true,"audioPlay":false,"sceneViewState":{"showFog":false,"showMaterialUpdate":false,"showSkybox":false,"showFlares":false,"showImageEffects":false,"showParticleSystems":false},"in2DMode":false,"pivot":{"x":995.5391845703125,"y":1005.540283203125,"z":1000.0040283203125},"rotation":{"x":-0.5995357036590576,"y":-0.40015825629234316,"z":0.4775175154209137,"w":-0.5024136900901794},"size":1.4444400072097779,"orthographic":false}