{"cameraMode":{"drawMode":0,"name":"Shaded","section":"Shading Mode"},"sceneLighting":false,"audioPlay":false,"sceneViewState":{"showFog":false,"showMaterialUpdate":false,"showSkybox":false,"showFlares":false,"showImageEffects":false,"showParticleSystems":false},"in2DMode":false,"pivot":{"x":-14.490571022033692,"y":0.9666432738304138,"z":10.008051872253418},"rotation":{"x":0.08398917317390442,"y":0.9011293649673462,"z":-0.20228266716003419,"w":0.3742307722568512},"size":1.443322777748108,"orthographic":false}