{"cameraMode":{"drawMode":0,"name":"Shaded","section":"Shading Mode"},"sceneLighting":true,"audioPlay":false,"sceneViewState":{"showFog":false,"showMaterialUpdate":false,"showSkybox":false,"showFlares":false,"showImageEffects":false,"showParticleSystems":false},"in2DMode":false,"pivot":{"x":-0.9638525247573853,"y":-9.76860237121582,"z":2.9974663257598879},"rotation":{"x":-0.0218881256878376,"y":0.9718813300132752,"z":-0.21204309165477754,"w":-0.10034836828708649},"size":1.3069772720336915,"orthographic":false}