{"cameraMode":{"drawMode":0,"name":"Shaded","section":"Shading Mode"},"sceneLighting":false,"audioPlay":false,"sceneViewState":{"showFog":false,"showMaterialUpdate":false,"showSkybox":false,"showFlares":false,"showImageEffects":false,"showParticleSystems":false},"in2DMode":false,"pivot":{"x":533.774169921875,"y":104.69998168945313,"z":0.0},"rotation":{"x":0.0004160894895903766,"y":0.9951835870742798,"z":0.004169007763266563,"w":-0.09822949767112732},"size":573.7080688476563,"orthographic":false}