{"cameraMode":{"drawMode":0,"name":"Shaded","section":"Shading Mode"},"sceneLighting":true,"audioPlay":false,"sceneViewState":{"showFog":false,"showMaterialUpdate":false,"showSkybox":false,"showFlares":false,"showImageEffects":false,"showParticleSystems":false},"in2DMode":false,"pivot":{"x":0.5874347686767578,"y":-10.886663436889649,"z":-10.29215145111084},"rotation":{"x":0.08398917317390442,"y":0.9011293649673462,"z":-0.20228266716003419,"w":0.3742307722568512},"size":10.716155052185059,"orthographic":false}