{"cameraMode":{"drawMode":0,"name":"Shaded","section":"Shading Mode"},"sceneLighting":true,"audioPlay":false,"sceneViewState":{"showFog":false,"showMaterialUpdate":false,"showSkybox":false,"showFlares":false,"showImageEffects":false,"showParticleSystems":false},"in2DMode":false,"pivot":{"x":1002.1362915039063,"y":1002.8483276367188,"z":1001.5878295898438},"rotation":{"x":0.0011923520360141993,"y":0.9985525012016296,"z":-0.024279413744807245,"w":0.048581454902887347},"size":4.1439313888549809,"orthographic":false}