{"cameraMode":{"drawMode":0,"name":"Shaded","section":"Shading Mode"},"sceneLighting":true,"audioPlay":false,"sceneViewState":{"showFog":false,"showMaterialUpdate":false,"showSkybox":false,"showFlares":false,"showImageEffects":false,"showParticleSystems":false},"in2DMode":false,"pivot":{"x":9.046281814575196,"y":1.9560192823410035,"z":6.165705680847168},"rotation":{"x":0.015676375478506089,"y":0.9767703413963318,"z":-0.0766458734869957,"w":0.19964195787906648},"size":4.230226039886475,"orthographic":false}