{"cameraMode":{"drawMode":0,"name":"Shaded","section":"Shading Mode"},"sceneLighting":true,"audioPlay":false,"sceneViewState":{"showFog":false,"showMaterialUpdate":false,"showSkybox":false,"showFlares":false,"showImageEffects":false,"showParticleSystems":false},"in2DMode":false,"pivot":{"x":-0.5182454586029053,"y":-8.015955924987793,"z":6.014797210693359},"rotation":{"x":0.0004160894895903766,"y":0.9951835870742798,"z":0.004169007763266563,"w":-0.09822949767112732},"size":1.4533361196517945,"orthographic":false}