{"cameraMode":{"drawMode":0,"name":"Shaded","section":"Shading Mode"},"sceneLighting":false,"audioPlay":false,"sceneViewState":{"showFog":false,"showMaterialUpdate":false,"showSkybox":false,"showFlares":false,"showImageEffects":false,"showParticleSystems":false},"in2DMode":false,"pivot":{"x":-0.1502971649169922,"y":0.30737224221229555,"z":-0.003101944923400879},"rotation":{"x":-0.4547431766986847,"y":-0.3326505124568939,"z":0.18775229156017304,"w":-0.8046603202819824},"size":1.5557044744491578,"orthographic":false}