{"cameraMode":{"drawMode":0,"name":"Shaded","section":"Shading Mode"},"sceneLighting":false,"audioPlay":false,"sceneViewState":{"showFog":false,"showMaterialUpdate":false,"showSkybox":false,"showFlares":false,"showImageEffects":false,"showParticleSystems":false},"in2DMode":false,"pivot":{"x":315.0000305175781,"y":151.00006103515626,"z":0.0},"rotation":{"x":-0.008804947137832642,"y":-0.02140219882130623,"z":0.0003858834388665855,"w":-0.9998897910118103},"size":647.6422119140625,"orthographic":false}