{"cameraMode":{"drawMode":0,"name":"Shaded","section":"Shading Mode"},"sceneLighting":false,"audioPlay":false,"sceneViewState":{"showFog":false,"showMaterialUpdate":false,"showSkybox":false,"showFlares":false,"showImageEffects":false,"showParticleSystems":false},"in2DMode":false,"pivot":{"x":-0.0389171838760376,"y":1.8061323165893555,"z":0.14890584349632264},"rotation":{"x":-0.4264799952507019,"y":0.2590123414993286,"z":-0.1291429102420807,"w":-0.8570330142974854},"size":2.594316005706787,"orthographic":false}