{"cameraMode":{"drawMode":0,"name":"Shaded","section":"Shading Mode"},"sceneLighting":true,"audioPlay":false,"sceneViewState":{"showFog":false,"showMaterialUpdate":false,"showSkybox":false,"showFlares":false,"showImageEffects":false,"showParticleSystems":false},"in2DMode":false,"pivot":{"x":24.87066650390625,"y":105.72892761230469,"z":62.43365478515625},"rotation":{"x":-0.2881774604320526,"y":0.009599986486136914,"z":-0.003145271446555853,"w":-0.9576302766799927},"size":1221.073974609375,"orthographic":false}