{"cameraMode":{"drawMode":0,"name":"Shaded","section":"Shading Mode"},"sceneLighting":false,"audioPlay":false,"sceneViewState":{"showFog":false,"showMaterialUpdate":false,"showSkybox":false,"showFlares":false,"showImageEffects":false,"showParticleSystems":false},"in2DMode":false,"pivot":{"x":-14.490571022033692,"y":0.9461944103240967,"z":10.008051872253418},"rotation":{"x":-0.0252310112118721,"y":0.3642951250076294,"z":0.010134553536772728,"w":0.9309732913970947},"size":1.4297071695327759,"orthographic":false}