{"cameraMode":{"drawMode":0,"name":"Shaded","section":"Shading Mode"},"sceneLighting":true,"audioPlay":false,"sceneViewState":{"showFog":false,"showMaterialUpdate":false,"showSkybox":false,"showFlares":false,"showImageEffects":false,"showParticleSystems":false},"in2DMode":false,"pivot":{"x":1000.5029907226563,"y":1001.7334594726563,"z":999.7828369140625},"rotation":{"x":0.2407805174589157,"y":0.26895928382873537,"z":-0.06955090910196305,"w":0.9300364255905151},"size":1.3877836465835572,"orthographic":false}