{"cameraMode":{"drawMode":0,"name":"Shaded","section":"Shading Mode"},"sceneLighting":false,"audioPlay":false,"sceneViewState":{"showFog":false,"showMaterialUpdate":false,"showSkybox":false,"showFlares":false,"showImageEffects":false,"showParticleSystems":false},"in2DMode":false,"pivot":{"x":-0.3005943298339844,"y":0.6147444844245911,"z":-0.006203889846801758},"rotation":{"x":-0.009253133088350296,"y":-0.9467938542366028,"z":0.3209252655506134,"w":-0.026843469589948655},"size":3.1114089488983156,"orthographic":false}