{"cameraMode":{"drawMode":0,"name":"Shaded","section":"Shading Mode"},"sceneLighting":false,"audioPlay":false,"sceneViewState":{"showFog":false,"showMaterialUpdate":false,"showSkybox":false,"showFlares":false,"showImageEffects":false,"showParticleSystems":false},"in2DMode":false,"pivot":{"x":-0.025324746966362,"y":-0.13214367628097535,"z":0.33906421065330508},"rotation":{"x":-0.012091707438230515,"y":0.986921489238739,"z":-0.08937373012304306,"w":-0.13375023007392884},"size":0.700467050075531,"orthographic":false}