{"cameraMode":{"drawMode":0,"name":"Shaded","section":"Shading Mode"},"sceneLighting":false,"audioPlay":false,"sceneViewState":{"showFog":false,"showMaterialUpdate":false,"showSkybox":false,"showFlares":false,"showImageEffects":false,"showParticleSystems":false},"in2DMode":false,"pivot":{"x":-0.9017834663391113,"y":5.254233360290527,"z":-0.018611907958984376},"rotation":{"x":-0.037493783980607989,"y":-0.4470948278903961,"z":0.018484236672520639,"w":-0.8936071991920471},"size":9.334226608276368,"orthographic":false}