{"cameraMode":{"drawMode":0,"name":"Shaded","section":"Shading Mode"},"sceneLighting":false,"audioPlay":false,"sceneViewState":{"showFog":false,"showMaterialUpdate":false,"showSkybox":false,"showFlares":false,"showImageEffects":false,"showParticleSystems":false},"in2DMode":false,"pivot":{"x":-0.3005943298339844,"y":0.6147444844245911,"z":-0.006203889846801758},"rotation":{"x":0.008032060228288174,"y":-0.9918575882911682,"z":0.09683474153280258,"w":0.08363165706396103},"size":3.1114089488983156,"orthographic":false}