{"cameraMode":{"drawMode":0,"name":"Shaded","section":"Shading Mode"},"sceneLighting":false,"audioPlay":false,"sceneViewState":{"showFog":false,"showMaterialUpdate":false,"showSkybox":false,"showFlares":false,"showImageEffects":false,"showParticleSystems":false},"in2DMode":false,"pivot":{"x":-14.490571022033692,"y":0.9461944103240967,"z":10.008051872253418},"rotation":{"x":0.22301577031612397,"y":0.6153225302696228,"z":-0.18702895939350129,"w":0.7326833605766296},"size":1.1297070980072022,"orthographic":false}