{"cameraMode":{"drawMode":0,"name":"Shaded","section":"Shading Mode"},"sceneLighting":false,"audioPlay":false,"sceneViewState":{"showFog":false,"showMaterialUpdate":false,"showSkybox":false,"showFlares":false,"showImageEffects":false,"showParticleSystems":false},"in2DMode":false,"pivot":{"x":-14.490571022033692,"y":0.9461944103240967,"z":10.008051872253418},"rotation":{"x":0.08820413798093796,"y":0.7427322268486023,"z":-0.09944640845060349,"w":0.656391978263855},"size":1.42970609664917,"orthographic":false}