{"cameraMode":{"drawMode":0,"name":"Shaded","section":"Shading Mode"},"sceneLighting":false,"audioPlay":false,"sceneViewState":{"showFog":false,"showMaterialUpdate":false,"showSkybox":false,"showFlares":false,"showImageEffects":false,"showParticleSystems":false},"in2DMode":false,"pivot":{"x":3.0354714393615724,"y":2.434549570083618,"z":0.20919722318649293},"rotation":{"x":0.17783570289611817,"y":-0.016241630539298059,"z":0.0029351278208196165,"w":0.9839318990707398},"size":2.4315030574798586,"orthographic":false}