{"cameraMode":{"drawMode":0,"name":"Shaded","section":"Shading Mode"},"sceneLighting":true,"audioPlay":false,"sceneViewState":{"showFog":false,"showMaterialUpdate":false,"showSkybox":false,"showFlares":false,"showImageEffects":false,"showParticleSystems":false},"in2DMode":false,"pivot":{"x":299.67578125,"y":353.2398681640625,"z":43.62957763671875},"rotation":{"x":0.028792425990104677,"y":0.030293628573417665,"z":-0.0008714470895938575,"w":0.9991312026977539},"size":304.04217529296877,"orthographic":false}