{"cameraMode":{"drawMode":0,"name":"Shaded","section":"Shading Mode"},"sceneLighting":false,"audioPlay":false,"sceneViewState":{"showFog":false,"showMaterialUpdate":false,"showSkybox":false,"showFlares":false,"showImageEffects":false,"showParticleSystems":false},"in2DMode":false,"pivot":{"x":532.8900146484375,"y":37.94471740722656,"z":0.0},"rotation":{"x":0.08516023308038712,"y":-0.033373456448316577,"z":0.002945521380752325,"w":0.9958614706993103},"size":1158.0609130859375,"orthographic":false}