{"cameraMode":{"drawMode":0,"name":"Shaded","section":"Shading Mode"},"sceneLighting":false,"audioPlay":false,"sceneViewState":{"showFog":false,"showMaterialUpdate":false,"showSkybox":false,"showFlares":false,"showImageEffects":false,"showParticleSystems":false},"in2DMode":false,"pivot":{"x":-14.490571022033692,"y":0.9461944103240967,"z":10.008051872253418},"rotation":{"x":0.5678461790084839,"y":0.06252846121788025,"z":-0.043080106377601626,"w":0.8197328448295593},"size":1.4297071695327759,"orthographic":false}