{"cameraMode":{"drawMode":0,"name":"Shaded","section":"Shading Mode"},"sceneLighting":false,"audioPlay":false,"sceneViewState":{"showFog":false,"showMaterialUpdate":false,"showSkybox":false,"showFlares":false,"showImageEffects":false,"showParticleSystems":false},"in2DMode":false,"pivot":{"x":-14.490571022033692,"y":0.9461944103240967,"z":10.008051872253418},"rotation":{"x":0.034250691533088687,"y":0.7865254878997803,"z":-0.04339907690882683,"w":0.6152111887931824},"size":1.42970609664917,"orthographic":false}