{"cameraMode":{"drawMode":0,"name":"Shaded","section":"Shading Mode"},"sceneLighting":false,"audioPlay":false,"sceneViewState":{"showFog":false,"showMaterialUpdate":false,"showSkybox":false,"showFlares":false,"showImageEffects":false,"showParticleSystems":false},"in2DMode":false,"pivot":{"x":-0.3005943298339844,"y":0.6147444844245911,"z":-0.006203889846801758},"rotation":{"x":0.04422499239444733,"y":-0.9468832015991211,"z":0.2818738520145416,"w":0.14906804263591767},"size":2.8114089965820314,"orthographic":false}