{"cameraMode":{"drawMode":0,"name":"Shaded","section":"Shading Mode"},"sceneLighting":true,"audioPlay":false,"sceneViewState":{"showFog":false,"showMaterialUpdate":false,"showSkybox":false,"showFlares":false,"showImageEffects":false,"showParticleSystems":false},"in2DMode":false,"pivot":{"x":1003.1199951171875,"y":1002.7579956054688,"z":1007.1400146484375},"rotation":{"x":0.12955880165100099,"y":0.86786288022995,"z":-0.3748731017112732,"w":0.2994181215763092},"size":1.2247449159622193,"orthographic":false}